pipeline,class,support,precision,recall,f1
direct_dummy,Arthritis,61,0.0,0.0,0.0
direct_dummy,Common Cold,62,0.0,0.0,0.0
direct_dummy,Dengue,62,0.0,0.0,0.0
direct_dummy,Eczema,63,0.0,0.0,0.0
direct_dummy,Heart Attack,193,0.19358074222668004,1.0,0.3243697478991597
direct_dummy,Heat Stroke,65,0.0,0.0,0.0
direct_dummy,Influenza,126,0.0,0.0,0.0
direct_dummy,Malaria,64,0.0,0.0,0.0
direct_dummy,Migraine,179,0.0,0.0,0.0
direct_dummy,Sinusitis,60,0.0,0.0,0.0
direct_dummy,Stroke,62,0.0,0.0,0.0
direct_lr,Arthritis,61,0.06451612903225806,0.03278688524590164,0.043478260869565216
direct_lr,Common Cold,62,0.10091743119266056,0.1774193548387097,0.1286549707602339
direct_lr,Dengue,62,0.06164383561643835,0.14516129032258066,0.08653846153846154
direct_lr,Eczema,63,0.03333333333333333,0.015873015873015872,0.021505376344086023
direct_lr,Heart Attack,193,0.2893772893772894,0.40932642487046633,0.33905579399141633
direct_lr,Heat Stroke,65,0.052083333333333336,0.07692307692307693,0.062111801242236024
direct_lr,Influenza,126,0.21025641025641026,0.3253968253968254,0.2554517133956386
direct_lr,Malaria,64,0.10344827586206896,0.09375,0.09836065573770492
direct_lr,Migraine,179,0.16666666666666666,0.01675977653631285,0.030456852791878174
direct_lr,Sinusitis,60,0.0,0.0,0.0
direct_lr,Stroke,62,0.07142857142857142,0.03225806451612903,0.044444444444444446
direct_rf,Arthritis,61,0.07272727272727272,0.06557377049180328,0.06896551724137931
direct_rf,Common Cold,62,0.045454545454545456,0.04838709677419355,0.046875
direct_rf,Dengue,62,0.06493506493506493,0.08064516129032258,0.07194244604316546
direct_rf,Eczema,63,0.08045977011494253,0.1111111111111111,0.09333333333333334
direct_rf,Heart Attack,193,0.3382352941176471,0.35751295336787564,0.34760705289672544
direct_rf,Heat Stroke,65,0.05714285714285714,0.06153846153846154,0.05925925925925926
direct_rf,Influenza,126,0.2112676056338028,0.11904761904761904,0.15228426395939088
direct_rf,Malaria,64,0.09375,0.09375,0.09375
direct_rf,Migraine,179,0.2945205479452055,0.24022346368715083,0.26461538461538464
direct_rf,Sinusitis,60,0.06451612903225806,0.06666666666666667,0.06557377049180328
direct_rf,Stroke,62,0.05263157894736842,0.08064516129032258,0.06369426751592357
direct_mlp,Arthritis,61,0.08,0.03278688524590164,0.046511627906976744
direct_mlp,Common Cold,62,0.06451612903225806,0.03225806451612903,0.043010752688172046
direct_mlp,Dengue,62,0.10344827586206896,0.04838709677419355,0.06593406593406594
direct_mlp,Eczema,63,0.08571428571428572,0.047619047619047616,0.061224489795918366
direct_mlp,Heart Attack,193,0.27074235807860264,0.6424870466321243,0.38095238095238093
direct_mlp,Heat Stroke,65,0.0,0.0,0.0
direct_mlp,Influenza,126,0.18,0.07142857142857142,0.10227272727272728
direct_mlp,Malaria,64,0.10344827586206896,0.046875,0.06451612903225806
direct_mlp,Migraine,179,0.17845117845117844,0.29608938547486036,0.22268907563025211
direct_mlp,Sinusitis,60,0.16666666666666666,0.016666666666666666,0.030303030303030304
direct_mlp,Stroke,62,0.04,0.016129032258064516,0.022988505747126436
direct_xgb,Arthritis,61,0.06666666666666667,0.03278688524590164,0.04395604395604396
direct_xgb,Common Cold,62,0.029411764705882353,0.016129032258064516,0.020833333333333332
direct_xgb,Dengue,62,0.09433962264150944,0.08064516129032258,0.08695652173913043
direct_xgb,Eczema,63,0.07407407407407407,0.06349206349206349,0.06837606837606838
direct_xgb,Heart Attack,193,0.26688102893890675,0.43005181347150256,0.32936507936507936
direct_xgb,Heat Stroke,65,0.1,0.06153846153846154,0.0761904761904762
direct_xgb,Influenza,126,0.20408163265306123,0.15873015873015872,0.17857142857142858
direct_xgb,Malaria,64,0.11363636363636363,0.078125,0.09259259259259259
direct_xgb,Migraine,179,0.19615384615384615,0.2849162011173184,0.23234624145785876
direct_xgb,Sinusitis,60,0.043478260869565216,0.016666666666666666,0.024096385542168676
direct_xgb,Stroke,62,0.08,0.06451612903225806,0.07142857142857142
cascade_lr_prob_tabnet,Arthritis,61,0.0,0.0,0.0
cascade_lr_prob_tabnet,Common Cold,62,0.0,0.0,0.0
cascade_lr_prob_tabnet,Dengue,62,0.03361344537815126,0.06451612903225806,0.04419889502762431
cascade_lr_prob_tabnet,Eczema,63,0.06666666666666667,0.047619047619047616,0.05555555555555555
cascade_lr_prob_tabnet,Heart Attack,193,0.2619047619047619,0.11398963730569948,0.1588447653429603
cascade_lr_prob_tabnet,Heat Stroke,65,0.07584269662921349,0.4153846153846154,0.12826603325415678
cascade_lr_prob_tabnet,Influenza,126,0.1501597444089457,0.373015873015873,0.214123006833713
cascade_lr_prob_tabnet,Malaria,64,0.0,0.0,0.0
cascade_lr_prob_tabnet,Migraine,179,0.0,0.0,0.0
cascade_lr_prob_tabnet,Sinusitis,60,0.09302325581395349,0.06666666666666667,0.07766990291262135
cascade_lr_prob_tabnet,Stroke,62,0.0,0.0,0.0
cascade_mlp_prob_tabnet,Arthritis,61,0.0,0.0,0.0
cascade_mlp_prob_tabnet,Common Cold,62,0.0,0.0,0.0
cascade_mlp_prob_tabnet,Dengue,62,0.04205607476635514,0.2903225806451613,0.07346938775510205
cascade_mlp_prob_tabnet,Eczema,63,0.0,0.0,0.0
cascade_mlp_prob_tabnet,Heart Attack,193,0.2596899224806202,0.3471502590673575,0.29711751662971175
cascade_mlp_prob_tabnet,Heat Stroke,65,0.0,0.0,0.0
cascade_mlp_prob_tabnet,Influenza,126,0.07547169811320754,0.06349206349206349,0.06896551724137931
cascade_mlp_prob_tabnet,Malaria,64,0.0,0.0,0.0
cascade_mlp_prob_tabnet,Migraine,179,0.0,0.0,0.0
cascade_mlp_prob_tabnet,Sinusitis,60,0.1024390243902439,0.35,0.15849056603773584
cascade_mlp_prob_tabnet,Stroke,62,0.0,0.0,0.0
cascade_xgb_prob_tabnet,Arthritis,61,0.0,0.0,0.0
cascade_xgb_prob_tabnet,Common Cold,62,0.12903225806451613,0.06451612903225806,0.08602150537634409
cascade_xgb_prob_tabnet,Dengue,62,0.0,0.0,0.0
cascade_xgb_prob_tabnet,Eczema,63,0.0,0.0,0.0
cascade_xgb_prob_tabnet,Heart Attack,193,0.1,0.0051813471502590676,0.009852216748768473
cascade_xgb_prob_tabnet,Heat Stroke,65,0.16666666666666666,0.015384615384615385,0.028169014084507043
cascade_xgb_prob_tabnet,Influenza,126,0.13020134228187918,0.7698412698412699,0.2227324913892078
cascade_xgb_prob_tabnet,Malaria,64,0.08917197452229299,0.21875,0.12669683257918551
cascade_xgb_prob_tabnet,Migraine,179,0.0,0.0,0.0
cascade_xgb_prob_tabnet,Sinusitis,60,0.0,0.0,0.0
cascade_xgb_prob_tabnet,Stroke,62,0.06896551724137931,0.03225806451612903,0.04395604395604396
cascade_xgb_binary_tabnet,Arthritis,61,0.07575757575757576,0.08196721311475409,0.07874015748031496
cascade_xgb_binary_tabnet,Common Cold,62,0.05970149253731343,0.06451612903225806,0.06201550387596899
cascade_xgb_binary_tabnet,Dengue,62,0.08849557522123894,0.16129032258064516,0.11428571428571428
cascade_xgb_binary_tabnet,Eczema,63,0.07142857142857142,0.09523809523809523,0.08163265306122448
cascade_xgb_binary_tabnet,Heart Attack,193,0.336,0.21761658031088082,0.2641509433962264
cascade_xgb_binary_tabnet,Heat Stroke,65,0.07042253521126761,0.07692307692307693,0.07352941176470588
cascade_xgb_binary_tabnet,Influenza,126,0.19626168224299065,0.16666666666666666,0.18025751072961374
cascade_xgb_binary_tabnet,Malaria,64,0.06593406593406594,0.09375,0.07741935483870968
cascade_xgb_binary_tabnet,Migraine,179,0.07142857142857142,0.027932960893854747,0.040160642570281124
cascade_xgb_binary_tabnet,Sinusitis,60,0.08024691358024691,0.21666666666666667,0.11711711711711711
cascade_xgb_binary_tabnet,Stroke,62,0.04878048780487805,0.03225806451612903,0.038834951456310676
oracle_true_symptom_tabnet,Arthritis,61,1.0,1.0,1.0
oracle_true_symptom_tabnet,Common Cold,62,0.953125,0.9838709677419355,0.9682539682539683
oracle_true_symptom_tabnet,Dengue,62,0.9841269841269841,1.0,0.992
oracle_true_symptom_tabnet,Eczema,63,1.0,1.0,1.0
oracle_true_symptom_tabnet,Heart Attack,193,1.0,0.9792746113989638,0.9895287958115183
oracle_true_symptom_tabnet,Heat Stroke,65,0.9014084507042254,0.9846153846153847,0.9411764705882353
oracle_true_symptom_tabnet,Influenza,126,0.8723404255319149,0.9761904761904762,0.9213483146067416
oracle_true_symptom_tabnet,Malaria,64,1.0,0.953125,0.976
oracle_true_symptom_tabnet,Migraine,179,1.0,0.88268156424581,0.9376854599406528
oracle_true_symptom_tabnet,Sinusitis,60,1.0,0.9833333333333333,0.9915966386554622
oracle_true_symptom_tabnet,Stroke,62,0.8805970149253731,0.9516129032258065,0.9147286821705426
cascade_xgb_prob_lr,Arthritis,61,0.04395604395604396,0.06557377049180328,0.05263157894736842
cascade_xgb_prob_lr,Common Cold,62,0.10526315789473684,0.12903225806451613,0.11594202898550725
cascade_xgb_prob_lr,Dengue,62,0.06896551724137931,0.0967741935483871,0.08053691275167785
cascade_xgb_prob_lr,Eczema,63,0.05,0.047619047619047616,0.04878048780487805
cascade_xgb_prob_lr,Heart Attack,193,0.3161764705882353,0.22279792746113988,0.2613981762917933
cascade_xgb_prob_lr,Heat Stroke,65,0.05434782608695652,0.07692307692307693,0.06369426751592357
cascade_xgb_prob_lr,Influenza,126,0.18518518518518517,0.23809523809523808,0.20833333333333334
cascade_xgb_prob_lr,Malaria,64,0.0945945945945946,0.109375,0.10144927536231885
cascade_xgb_prob_lr,Migraine,179,0.27927927927927926,0.17318435754189945,0.21379310344827587
cascade_xgb_prob_lr,Sinusitis,60,0.06666666666666667,0.05,0.05714285714285714
cascade_xgb_prob_lr,Stroke,62,0.06349206349206349,0.06451612903225806,0.064
cascade_xgb_prob_rf,Arthritis,61,0.05263157894736842,0.03278688524590164,0.04040404040404041
cascade_xgb_prob_rf,Common Cold,62,0.10526315789473684,0.12903225806451613,0.11594202898550725
cascade_xgb_prob_rf,Dengue,62,0.078125,0.08064516129032258,0.07936507936507936
cascade_xgb_prob_rf,Eczema,63,0.07272727272727272,0.12698412698412698,0.09248554913294797
cascade_xgb_prob_rf,Heart Attack,193,0.26666666666666666,0.29015544041450775,0.27791563275434245
cascade_xgb_prob_rf,Heat Stroke,65,0.02857142857142857,0.015384615384615385,0.02
cascade_xgb_prob_rf,Influenza,126,0.17,0.1349206349206349,0.1504424778761062
cascade_xgb_prob_rf,Malaria,64,0.05714285714285714,0.0625,0.05970149253731343
cascade_xgb_prob_rf,Migraine,179,0.29694323144104806,0.37988826815642457,0.3333333333333333
cascade_xgb_prob_rf,Sinusitis,60,0.04,0.016666666666666666,0.023529411764705882
cascade_xgb_prob_rf,Stroke,62,0.15,0.0967741935483871,0.11764705882352941
cascade_xgb_prob_mlp,Arthritis,61,0.11428571428571428,0.06557377049180328,0.08333333333333333
cascade_xgb_prob_mlp,Common Cold,62,0.06976744186046512,0.04838709677419355,0.05714285714285714
cascade_xgb_prob_mlp,Dengue,62,0.05,0.04838709677419355,0.04918032786885246
cascade_xgb_prob_mlp,Eczema,63,0.07317073170731707,0.047619047619047616,0.057692307692307696
cascade_xgb_prob_mlp,Heart Attack,193,0.2850467289719626,0.3160621761658031,0.29975429975429974
cascade_xgb_prob_mlp,Heat Stroke,65,0.075,0.046153846153846156,0.05714285714285714
cascade_xgb_prob_mlp,Influenza,126,0.15584415584415584,0.19047619047619047,0.17142857142857143
cascade_xgb_prob_mlp,Malaria,64,0.09433962264150944,0.078125,0.08547008547008547
cascade_xgb_prob_mlp,Migraine,179,0.25,0.41899441340782123,0.31315240083507306
cascade_xgb_prob_mlp,Sinusitis,60,0.16666666666666666,0.03333333333333333,0.05555555555555555
cascade_xgb_prob_mlp,Stroke,62,0.08888888888888889,0.06451612903225806,0.07476635514018691
cascade_xgb_prob_xgb,Arthritis,61,0.11538461538461539,0.04918032786885246,0.06896551724137931
cascade_xgb_prob_xgb,Common Cold,62,0.1,0.0967741935483871,0.09836065573770492
cascade_xgb_prob_xgb,Dengue,62,0.10416666666666667,0.08064516129032258,0.09090909090909091
cascade_xgb_prob_xgb,Eczema,63,0.078125,0.07936507936507936,0.07874015748031496
cascade_xgb_prob_xgb,Heart Attack,193,0.21518987341772153,0.26424870466321243,0.2372093023255814
cascade_xgb_prob_xgb,Heat Stroke,65,0.034482758620689655,0.015384615384615385,0.02127659574468085
cascade_xgb_prob_xgb,Influenza,126,0.12745098039215685,0.10317460317460317,0.11403508771929824
cascade_xgb_prob_xgb,Malaria,64,0.03636363636363636,0.03125,0.03361344537815126
cascade_xgb_prob_xgb,Migraine,179,0.21021021021021022,0.39106145251396646,0.2734375
cascade_xgb_prob_xgb,Sinusitis,60,0.05,0.016666666666666666,0.025
cascade_xgb_prob_xgb,Stroke,62,0.13043478260869565,0.04838709677419355,0.07058823529411765
direct_xgb_demographic,Arthritis,61,0.030303030303030304,0.01639344262295082,0.02127659574468085
direct_xgb_demographic,Common Cold,62,0.02857142857142857,0.016129032258064516,0.020618556701030927
direct_xgb_demographic,Dengue,62,0.14893617021276595,0.11290322580645161,0.12844036697247707
direct_xgb_demographic,Eczema,63,0.06382978723404255,0.047619047619047616,0.05454545454545454
direct_xgb_demographic,Heart Attack,193,0.4835164835164835,0.6839378238341969,0.5665236051502146
direct_xgb_demographic,Heat Stroke,65,0.13333333333333333,0.06153846153846154,0.08421052631578947
direct_xgb_demographic,Influenza,126,0.17592592592592593,0.15079365079365079,0.1623931623931624
direct_xgb_demographic,Malaria,64,0.12195121951219512,0.078125,0.09523809523809523
direct_xgb_demographic,Migraine,179,0.3569023569023569,0.5921787709497207,0.44537815126050423
direct_xgb_demographic,Sinusitis,60,0.05128205128205128,0.03333333333333333,0.04040404040404041
direct_xgb_demographic,Stroke,62,0.06382978723404255,0.04838709677419355,0.05504587155963303
direct_xgb_history,Arthritis,61,0.043478260869565216,0.03278688524590164,0.037383177570093455
direct_xgb_history,Common Cold,62,0.1,0.06451612903225806,0.0784313725490196
direct_xgb_history,Dengue,62,0.1694915254237288,0.16129032258064516,0.1652892561983471
direct_xgb_history,Eczema,63,0.10344827586206896,0.09523809523809523,0.09917355371900827
direct_xgb_history,Heart Attack,193,0.8284023668639053,0.7253886010362695,0.7734806629834254
direct_xgb_history,Heat Stroke,65,0.11904761904761904,0.07692307692307693,0.09345794392523364
direct_xgb_history,Influenza,126,0.3151750972762646,0.6428571428571429,0.42297650130548303
direct_xgb_history,Malaria,64,0.09836065573770492,0.09375,0.096
direct_xgb_history,Migraine,179,0.7093023255813954,0.6815642458100558,0.6951566951566952
direct_xgb_history,Sinusitis,60,0.8378378378378378,0.5166666666666667,0.6391752577319587
direct_xgb_history,Stroke,62,0.05357142857142857,0.04838709677419355,0.05084745762711865
cascade_context_xgb_prob_tabnet,Arthritis,61,0.0,0.0,0.0
cascade_context_xgb_prob_tabnet,Common Cold,62,0.0,0.0,0.0
cascade_context_xgb_prob_tabnet,Dengue,62,0.017857142857142856,0.03225806451612903,0.022988505747126436
cascade_context_xgb_prob_tabnet,Eczema,63,0.0,0.0,0.0
cascade_context_xgb_prob_tabnet,Heart Attack,193,0.9144736842105263,0.7202072538860104,0.8057971014492754
cascade_context_xgb_prob_tabnet,Heat Stroke,65,0.0,0.0,0.0
cascade_context_xgb_prob_tabnet,Influenza,126,0.17027863777089783,0.873015873015873,0.2849740932642487
cascade_context_xgb_prob_tabnet,Malaria,64,0.0,0.0,0.0
cascade_context_xgb_prob_tabnet,Migraine,179,0.0,0.0,0.0
cascade_context_xgb_prob_tabnet,Sinusitis,60,0.0,0.0,0.0
cascade_context_xgb_prob_tabnet,Stroke,62,0.06896551724137931,0.0967741935483871,0.08053691275167785
cascade_context_xgb_prob_xgb,Arthritis,61,0.11864406779661017,0.11475409836065574,0.11666666666666667
cascade_context_xgb_prob_xgb,Common Cold,62,0.09259259259259259,0.08064516129032258,0.08620689655172414
cascade_context_xgb_prob_xgb,Dengue,62,0.08,0.03225806451612903,0.04597701149425287
cascade_context_xgb_prob_xgb,Eczema,63,0.023255813953488372,0.015873015873015872,0.018867924528301886
cascade_context_xgb_prob_xgb,Heart Attack,193,0.7619047619047619,0.7461139896373057,0.7539267015706806
cascade_context_xgb_prob_xgb,Heat Stroke,65,0.09433962264150944,0.07692307692307693,0.0847457627118644
cascade_context_xgb_prob_xgb,Influenza,126,0.2569444444444444,0.5873015873015873,0.357487922705314
cascade_context_xgb_prob_xgb,Malaria,64,0.03773584905660377,0.03125,0.03418803418803419
cascade_context_xgb_prob_xgb,Migraine,179,0.7423312883435583,0.6759776536312849,0.7076023391812866
cascade_context_xgb_prob_xgb,Sinusitis,60,0.967741935483871,0.5,0.6593406593406593
cascade_context_xgb_prob_xgb,Stroke,62,0.10256410256410256,0.06451612903225806,0.07920792079207921
skip_context_symptom_xgb,Arthritis,61,0.07407407407407407,0.06557377049180328,0.06956521739130435
skip_context_symptom_xgb,Common Cold,62,0.13333333333333333,0.0967741935483871,0.11214953271028037
skip_context_symptom_xgb,Dengue,62,0.2,0.08064516129032258,0.11494252873563218
skip_context_symptom_xgb,Eczema,63,0.045454545454545456,0.031746031746031744,0.037383177570093455
skip_context_symptom_xgb,Heart Attack,193,0.7578947368421053,0.7461139896373057,0.7519582245430809
skip_context_symptom_xgb,Heat Stroke,65,0.057692307692307696,0.046153846153846156,0.05128205128205128
skip_context_symptom_xgb,Influenza,126,0.2640845070422535,0.5952380952380952,0.36585365853658536
skip_context_symptom_xgb,Malaria,64,0.0425531914893617,0.03125,0.036036036036036036
skip_context_symptom_xgb,Migraine,179,0.7028571428571428,0.6871508379888268,0.6949152542372882
skip_context_symptom_xgb,Sinusitis,60,0.967741935483871,0.5,0.6593406593406593
skip_context_symptom_xgb,Stroke,62,0.14,0.11290322580645161,0.125
