pipeline,category,representation,stage1,stage2,accuracy,balanced_accuracy,f1_macro,f1_weighted,roc_auc_ovr_macro,average_precision_macro,negative_log_likelihood,multiclass_brier,ece_10bin,accuracy_ci_low,accuracy_ci_high,f1_macro_ci_low,f1_macro_ci_high
cascade_xgb_binary_tabnet,binarization_ablation,thresholded_symptom,xgb,tabnet,0.119358074222668,0.1122568887220934,0.10255854187056247,0.12129193602243298,0.5643388588129069,0.11763646173135833,2.3700852394104004,0.9031610618873647,0.011345335599053707,0.09829488465396188,0.13941825476429287,0.08384022814153468,0.12228104074772694
direct_xgb_history,context_extension,pre_event_context,none,xgb,0.4112337011033099,0.2853971147422096,0.28648835261512573,0.405587428729879,0.7290462234961536,0.29331673259963,1.725675344467163,0.649934189834878,0.04164252501194073,0.3801404212637914,0.440320962888666,0.26349265451489134,0.3065532132411997
skip_context_symptom_xgb,context_extension,pre_event_context_plus_symptom_probability,xgb_pre_event_context,xgb,0.40220661985957873,0.27214083199100636,0.27440239458027377,0.3904149792160584,0.7268461781667995,0.2889123931617772,1.7271416187286377,0.6505747832590182,0.05044023277109103,0.3721163490471414,0.43329989969909727,0.25068994095243574,0.2959927327620059
cascade_context_xgb_prob_xgb,context_extension,context_predicted_symptom_probability,xgb_pre_event_context,xgb,0.39618856569709127,0.26596479786960325,0.26765616724826036,0.38704186359289405,0.7244526134570581,0.28907869484743576,1.7315025329589844,0.6519712405595652,0.05621189133095047,0.36609829488465395,0.4272818455366098,0.24547526158771427,0.2881923627071824
direct_xgb_demographic,context_extension,weather_demographic,none,xgb,0.283851554663992,0.16739444413909743,0.15218858420773482,0.24163007155708213,0.6217282247723931,0.1661580355058606,2.152114152908325,0.8278940528942219,0.06928444496069175,0.2547642928786359,0.30995486459378124,0.132631211076791,0.1712278547653562
cascade_context_xgb_prob_tabnet,context_extension,context_predicted_symptom_probability,xgb_pre_event_context,tabnet,0.2577733199598796,0.15656867136058175,0.10857241938293895,0.19843947069000137,0.5305281242432144,0.14996561945266465,2.391079902648926,0.9078073234450277,0.16207509462459158,0.2296890672016048,0.2848545636910732,0.10024779616317427,0.11777268831407899
cascade_lr_prob_tabnet,deployable_cascade,symptom_probability,lr,tabnet,0.10732196589769308,0.09829017900219639,0.061696196266057386,0.07710567342049084,0.562247753210393,0.11788579801429479,2.379359245300293,0.9056642400384672,0.005994331782894843,0.08826479438314945,0.12637913741223672,0.049529688220509065,0.07392890510784508
cascade_mlp_prob_tabnet,deployable_cascade,symptom_probability,mlp,tabnet,0.11434302908726178,0.09554226392768929,0.054367544333084446,0.08033888855068068,0.4751957937156854,0.09385201839778311,2.3917429447174072,0.9079927462926817,0.01871964020081006,0.09428284854563691,0.1334002006018054,0.045263890710483166,0.06350135986870585
cascade_xgb_prob_tabnet,deployable_cascade,symptom_probability,xgb,tabnet,0.119358074222668,0.10053922053859377,0.04703891855764153,0.04810828787033238,0.5851503438449132,0.13177962252095812,2.3828577995300293,0.9063363500327399,0.02221148425233041,0.10030090270812438,0.13944332998996978,0.03552589925884688,0.05949519271457612
direct_rf,direct_baseline,weather_full,none,rf,0.16549648946840523,0.12046376956959333,0.12071820866876047,0.16933905033886942,0.5701267285549027,0.1259809380890663,2.475021392556489,0.9206795302851974,0.11878655952888986,0.14343029087261785,0.18956870611835505,0.10183556095884282,0.13938932651139185
direct_xgb,direct_baseline,weather_full,none,xgb,0.18054162487462388,0.11705432480388346,0.11133752205025016,0.15855775424406138,0.5836716246271133,0.12358474165767502,2.2922656536102295,0.8890537428682358,0.07915444552539705,0.15546639919759278,0.2046138415245737,0.09199327942299321,0.12971771886559522
direct_lr,direct_baseline,weather_full,none,lr,0.15947843530591777,0.12051406495663804,0.10091439373778775,0.13391511615515952,0.5872767262100008,0.12942181622106516,2.3380284309387207,0.8921829016669235,0.02256644405835609,0.1374122367101304,0.18254764292878636,0.08479877717327662,0.11817304007135362
direct_mlp,direct_baseline,weather_full,none,mlp,0.20160481444332998,0.11370243605595992,0.0945820713875371,0.14753555671474788,0.6176385431001191,0.1383322503884841,2.207244873046875,0.8667855370335354,0.041340330060769474,0.17753259779338015,0.22668004012036108,0.07856667288451567,0.11184559372118272
direct_dummy,direct_baseline,weather_full,none,dummy,0.19358074222668004,0.09090909090909091,0.02948815889992361,0.06279173655420042,0.5,0.09090909090909091,2.274682051759338,0.8829943944256352,0.0009473732865069584,0.16950852557673018,0.2176529588766299,0.026482608631166527,0.03237960448197296
oracle_true_symptom_tabnet,oracle_upper_bound,true_symptom,oracle,tabnet,0.9628886659979939,0.9722458400683373,0.9665743936388291,0.9631894040073541,0.9991235603187122,0.9928245693122985,0.2614362835884094,0.09336735210935267,0.1432750962353279,0.950852557673019,0.9739217652958877,0.9553601637747249,0.9772422492610185
cascade_xgb_prob_rf,stage2_architecture_control,symptom_probability,xgb,rf,0.1765295887662989,0.12415802278873668,0.11916055499790051,0.16698815511908918,0.5874773680368844,0.12765843415553763,2.2590884761512817,0.8798057000297462,0.02181377039066223,0.15245737211634905,0.1995987963891675,0.10018707745526956,0.13691811722078975
cascade_xgb_prob_mlp,stage2_architecture_control,symptom_probability,xgb,mlp,0.18756268806419257,0.12342073638440822,0.1186017228512709,0.16847549079952734,0.5768100781761633,0.12463368526560874,2.4576042038258548,0.9185010763782274,0.12221776643572402,0.1624874623871615,0.21263791374122368,0.09810775364641593,0.13834138760844694
cascade_xgb_prob_lr,stage2_architecture_control,symptom_probability,xgb,lr,0.1444332998996991,0.11580827261612424,0.11524563832581215,0.15191941566404674,0.5960318973035507,0.1287324345971868,2.3624511329544275,0.8989051933881818,0.04561419009352867,0.12337011033099297,0.16649949849548645,0.09702122387328356,0.13393117301038687
cascade_xgb_prob_xgb,stage2_architecture_control,symptom_probability,xgb,xgb,0.160481444332999,0.10692162738635445,0.10110323525730176,0.1398275721989923,0.577120858919736,0.121405087522708,2.3026204109191895,0.8938580474622337,0.09735677430897563,0.1374122367101304,0.18254764292878636,0.08172402634402202,0.11962548570119665
