model,scope,symptom,prevalence,threshold,precision,recall,f1,average_precision
lr,development_oof,nausea,0.15210843373493976,0.5400000000000001,0.217629179331307,0.5907590759075908,0.31808085295424254,0.21407645207989612
lr,development_oof,joint_pain,0.0665160642570281,0.5600000000000002,0.1037037037037037,0.47547169811320755,0.17027027027027028,0.0930604618929589
lr,development_oof,abdominal_pain,0.039909638554216864,0.5900000000000002,0.06779661016949153,0.1761006289308176,0.0979020979020979,0.053345328556569864
lr,development_oof,high_fever,0.10366465863453815,0.5800000000000002,0.15406162464985995,0.39951573849878935,0.2223719676549865,0.14376888677272998
lr,development_oof,chills,0.0625,0.5400000000000001,0.09578030810448761,0.5742971887550201,0.16417910447761194,0.0884401762146487
lr,development_oof,fatigue,0.12474899598393574,0.5400000000000001,0.1881619937694704,0.607645875251509,0.2873453853472883,0.18955526111824966
lr,development_oof,runny_nose,0.0981425702811245,0.5800000000000002,0.1546644844517185,0.4833759590792839,0.23434593924364538,0.14326160170042687
lr,development_oof,dizziness,0.1307730923694779,0.5300000000000001,0.18376068376068377,0.5777351247600768,0.2788327929597036,0.18129551687100964
lr,development_oof,headache,0.24397590361445784,0.44000000000000006,0.2534722222222222,0.9012345679012346,0.3956639566395664,0.3108618849297621
lr,development_oof,chest_pain,0.16842369477911648,0.6400000000000001,0.37393422655298414,0.45752608047690013,0.41152815013404825,0.33439945461063253
lr,development_oof,vomiting,0.2090863453815261,0.45000000000000007,0.23196810438564697,0.7683073229291717,0.35634743875278396,0.28396573530477387
lr,development_oof,cough,0.060240963855421686,0.5800000000000002,0.10792951541850221,0.4083333333333333,0.17073170731707318,0.08852560852939961
lr,development_oof,asthma,0.06701807228915663,0.7400000000000002,0.2315035799522673,0.36329588014981273,0.282798833819242,0.21636849473056763
lr,development_oof,severe_headache,0.09362449799196787,0.5300000000000001,0.1263768115942029,0.5844504021447721,0.20781696854146806,0.12110202486315103
lr,development_oof,weakness,0.03589357429718876,0.5900000000000002,0.061855670103092786,0.2097902097902098,0.09554140127388536,0.04498312965584213
lr,development_oof,trouble_seeing,0.04066265060240964,0.5900000000000002,0.06802721088435375,0.18518518518518517,0.09950248756218906,0.05068857786663061
lr,development_oof,fever,0.03137550200803213,0.5500000000000002,0.04434250764525994,0.464,0.08094905792044661,0.04143962928664245
lr,development_oof,body_aches,0.0338855421686747,0.6100000000000001,0.057007125890736345,0.17777777777777778,0.08633093525179857,0.0476336815541781
lr,development_oof,sore_throat,0.06475903614457831,0.5600000000000002,0.09619526202440776,0.5193798449612403,0.1623258631132647,0.08755094444569012
lr,development_oof,sneezing,0.036646586345381524,0.5400000000000001,0.05067567567567568,0.5136986301369864,0.09225092250922509,0.048649351580702986
lr,development_oof,diarrhea,0.039909638554216864,0.5500000000000002,0.05394190871369295,0.4088050314465409,0.09530791788856305,0.04776581870002283
lr,development_oof,rapid_breathing,0.0077811244979919675,0.5300000000000001,0.013872135102533172,0.7419354838709677,0.027235050325636473,0.01233142418361215
lr,development_oof,rapid_heart_rate,0.0356425702811245,0.5000000000000001,0.04144385026737968,0.6549295774647887,0.07795473595976529,0.041287014139302476
lr,development_oof,pain_behind_eyes,0.10793172690763052,0.5300000000000001,0.18353174603174602,0.43023255813953487,0.2573018080667594,0.217129600100614
lr,development_oof,swollen_glands,0.03288152610441767,0.5400000000000001,0.04801477377654663,0.3969465648854962,0.085667215815486,0.04128651304405356
lr,development_oof,rashes,0.06475903614457831,0.5000000000000001,0.08947885939036382,0.7054263565891473,0.15881326352530542,0.09378569647752162
lr,development_oof,sinus_headache,0.0303714859437751,0.45000000000000007,0.035727717186912374,0.7851239669421488,0.0683453237410072,0.03385139947998288
lr,development_oof,facial_pain,0.035140562248995984,0.5400000000000001,0.04589371980676329,0.40714285714285714,0.0824891461649783,0.04011428380351417
lr,development_oof,shortness_of_breath,0.03263052208835342,0.5700000000000002,0.04830917874396135,0.23076923076923078,0.07989347536617843,0.04021667473894686
lr,development_oof,reduced_smell_and_taste,0.03413654618473896,0.4800000000000001,0.04007633587786259,0.7720588235294118,0.07619738751814223,0.03680260912232737
lr,development_oof,skin_irritation,0.0321285140562249,0.5000000000000001,0.034653465346534656,0.546875,0.06517690875232775,0.032186948376906825
lr,development_oof,itchiness,0.028363453815261043,0.5700000000000002,0.049019607843137254,0.30973451327433627,0.08464328899637243,0.03563103605778503
lr,development_oof,throbbing_headache,0.038654618473895584,0.44000000000000006,0.04261986837981824,0.8831168831168831,0.08131539611360239,0.04841536363542459
lr,development_oof,confusion,0.06626506024096386,0.43000000000000005,0.07692307692307693,0.9015151515151515,0.14175104228707563,0.07448785679041683
lr,development_oof,back_pain,0.035140562248995984,0.5200000000000001,0.04425410421127766,0.44285714285714284,0.08046722907203115,0.039246591171799725
lr,development_oof,knee_ache,0.03890562248995984,0.45000000000000007,0.04500354358610914,0.8193548387096774,0.08532079274437353,0.04344578620904237
lr,locked_test,nausea,0.15646940822467403,0.5400000000000001,0.22303921568627452,0.5833333333333334,0.32269503546099293,0.20953518666377113
lr,locked_test,joint_pain,0.0641925777331996,0.5600000000000002,0.09646302250803858,0.46875,0.16,0.10783579331838448
lr,locked_test,abdominal_pain,0.041123370110330994,0.5900000000000002,0.08490566037735849,0.21951219512195122,0.12244897959183673,0.06345646300385044
lr,locked_test,high_fever,0.09829488465396188,0.5800000000000002,0.14122137404580154,0.37755102040816324,0.20555555555555555,0.13270651554659524
lr,locked_test,chills,0.06720160481444333,0.5400000000000001,0.09333333333333334,0.5223880597014925,0.1583710407239819,0.08884097612892541
lr,locked_test,fatigue,0.1123370110330993,0.5400000000000001,0.15980629539951574,0.5892857142857143,0.25142857142857145,0.14756986333358477
lr,locked_test,runny_nose,0.09628886659979939,0.5800000000000002,0.1746031746031746,0.5729166666666666,0.26763990267639903,0.15772502408868613
lr,locked_test,dizziness,0.12637913741223672,0.5300000000000001,0.17048346055979643,0.5317460317460317,0.2581888246628131,0.1607903492165295
lr,locked_test,headache,0.22768304914744233,0.44000000000000006,0.244874715261959,0.947136563876652,0.3891402714932127,0.24287336976066687
lr,locked_test,chest_pain,0.16850551654964896,0.6400000000000001,0.42196531791907516,0.43452380952380953,0.4281524926686217,0.3942284546811142
lr,locked_test,vomiting,0.20160481444332998,0.45000000000000007,0.21225071225071226,0.7412935323383084,0.3300110741971207,0.22168584372249156
lr,locked_test,cough,0.06118355065195587,0.5800000000000002,0.10683760683760683,0.4098360655737705,0.1694915254237288,0.09865350970661423
lr,locked_test,asthma,0.04914744232698094,0.7400000000000002,0.2,0.2653061224489796,0.22807017543859648,0.15517500171363358
lr,locked_test,severe_headache,0.09729187562688064,0.5300000000000001,0.13286713286713286,0.5876288659793815,0.21673003802281368,0.1865776003638066
lr,locked_test,weakness,0.04012036108324975,0.5900000000000002,0.04201680672268908,0.125,0.06289308176100629,0.052913531988828255
lr,locked_test,trouble_seeing,0.028084252758274825,0.5900000000000002,0.01694915254237288,0.07142857142857142,0.0273972602739726,0.029541421411824212
lr,locked_test,fever,0.033099297893681046,0.5500000000000002,0.04871060171919771,0.5151515151515151,0.08900523560209424,0.05161332072226125
lr,locked_test,body_aches,0.03510531594784353,0.6100000000000001,0.02631578947368421,0.05714285714285714,0.036036036036036036,0.048042164544830276
lr,locked_test,sore_throat,0.06318956870611836,0.5600000000000002,0.09392265193370165,0.5396825396825397,0.16,0.09494716386914107
lr,locked_test,sneezing,0.0320962888665998,0.5400000000000001,0.04736842105263158,0.5625,0.08737864077669903,0.04861895036039411
lr,locked_test,diarrhea,0.04212637913741224,0.5500000000000002,0.04983388704318937,0.35714285714285715,0.08746355685131195,0.05483786482816403
lr,locked_test,rapid_breathing,0.00802407221664995,0.5300000000000001,0.012165450121654502,0.625,0.02386634844868735,0.027400553624153355
lr,locked_test,rapid_heart_rate,0.03610832497492478,0.5000000000000001,0.03690685413005272,0.5833333333333334,0.06942148760330578,0.03616147163586038
lr,locked_test,pain_behind_eyes,0.10030090270812438,0.5300000000000001,0.14423076923076922,0.3,0.19480519480519481,0.12692320460186288
lr,locked_test,swollen_glands,0.04312938816449348,0.5400000000000001,0.05653710247349823,0.37209302325581395,0.09815950920245399,0.06621309601686279
lr,locked_test,rashes,0.05917753259779338,0.5000000000000001,0.072265625,0.6271186440677966,0.1295971978984238,0.07205246247218831
lr,locked_test,sinus_headache,0.034102306920762285,0.45000000000000007,0.04481792717086835,0.9411764705882353,0.0855614973262032,0.09218991890064852
lr,locked_test,facial_pain,0.034102306920762285,0.5400000000000001,0.029900332225913623,0.2647058823529412,0.05373134328358209,0.035181503529543155
lr,locked_test,shortness_of_breath,0.031093279839518557,0.5700000000000002,0.059782608695652176,0.3548387096774194,0.10232558139534884,0.06638632298091136
lr,locked_test,reduced_smell_and_taste,0.03009027081243731,0.4800000000000001,0.035036496350364967,0.8,0.06713286713286713,0.04318693894436987
lr,locked_test,skin_irritation,0.0320962888665998,0.5000000000000001,0.04174573055028463,0.6875,0.07871198568872988,0.03859339694192386
lr,locked_test,itchiness,0.03510531594784353,0.5700000000000002,0.04419889502762431,0.22857142857142856,0.07407407407407407,0.05665202165752384
lr,locked_test,throbbing_headache,0.031093279839518557,0.44000000000000006,0.02877697841726619,0.7741935483870968,0.055491329479768786,0.037214645944234986
lr,locked_test,confusion,0.07021063189568706,0.43000000000000005,0.07398273736128237,0.8571428571428571,0.1362088535754824,0.09443619512903588
lr,locked_test,back_pain,0.037111334002006016,0.5200000000000001,0.047619047619047616,0.43243243243243246,0.08579088471849866,0.056050567832420926
lr,locked_test,knee_ache,0.03610832497492478,0.45000000000000007,0.036986301369863014,0.75,0.07049608355091384,0.04289185963767249
mlp,development_oof,nausea,0.15210843373493976,0.060000000000000005,0.1774802608994164,0.8531353135313532,0.29383347541915317,0.1683614458339504
mlp,development_oof,joint_pain,0.0665160642570281,0.12000000000000001,0.07120622568093385,0.690566037735849,0.1291005291005291,0.07109441938105172
mlp,development_oof,abdominal_pain,0.039909638554216864,0.05,0.03581661891117478,0.15723270440251572,0.058343057176196034,0.044438314747016344
mlp,development_oof,high_fever,0.10366465863453815,0.07,0.110580204778157,0.784503631961259,0.19383787017648818,0.1083445485816101
mlp,development_oof,chills,0.0625,0.05,0.0665314401622718,0.6586345381526104,0.1208548268238762,0.066047263790251
mlp,development_oof,fatigue,0.12474899598393574,0.060000000000000005,0.14206231454005935,0.7706237424547284,0.23989978077043533,0.13340178162623212
mlp,development_oof,runny_nose,0.0981425702811245,0.05,0.11363636363636363,0.9462915601023018,0.20290649849191117,0.10910738105825535
mlp,development_oof,dizziness,0.1307730923694779,0.07,0.1536059943802685,0.944337811900192,0.26423200859291085,0.1529001729323558
mlp,development_oof,headache,0.24397590361445784,0.05,0.24245472837022133,0.9917695473251029,0.3896523848019402,0.24630683598906397
mlp,development_oof,chest_pain,0.16842369477911648,0.07,0.18421052631578946,0.970193740685544,0.30963139120095123,0.18395100378016305
mlp,development_oof,vomiting,0.2090863453815261,0.05,0.2052511991921232,0.9759903961584634,0.33917396745932415,0.1941550206460045
mlp,development_oof,cough,0.060240963855421686,0.08000000000000002,0.06634146341463415,0.5666666666666667,0.11877729257641921,0.06301168498827425
mlp,development_oof,asthma,0.06701807228915663,0.18000000000000005,0.08157524613220815,0.21722846441947566,0.11860940695296524,0.06469200731515336
mlp,development_oof,severe_headache,0.09362449799196787,0.08000000000000002,0.1080568720379147,0.9168900804289544,0.1933295647258338,0.09790776603292016
mlp,development_oof,weakness,0.03589357429718876,0.1,0.039316239316239315,0.4825174825174825,0.07270811380400422,0.037178528314368554
mlp,development_oof,trouble_seeing,0.04066265060240964,0.13,0.04442200908632004,0.5432098765432098,0.08212785814279049,0.041627374080991604
mlp,development_oof,fever,0.03137550200803213,0.17000000000000004,0.04813664596273292,0.248,0.08062418725617686,0.04380359508342413
mlp,development_oof,body_aches,0.0338855421686747,0.15000000000000002,0.04905660377358491,0.0962962962962963,0.065,0.03581533603611559
mlp,development_oof,sore_throat,0.06475903614457831,0.05,0.06928922664282522,0.6007751937984496,0.12424849699398798,0.0695807151986147
mlp,development_oof,sneezing,0.036646586345381524,0.05,0.04105483967635601,0.9383561643835616,0.07866781510192362,0.04176448638543218
mlp,development_oof,diarrhea,0.039909638554216864,0.07,0.04577611319184353,0.6918238993710691,0.0858704137392662,0.0419691731066293
mlp,development_oof,rapid_breathing,0.0077811244979919675,0.060000000000000005,0.009184845005740528,0.25806451612903225,0.017738359201773836,0.007908706679109187
mlp,development_oof,rapid_heart_rate,0.0356425702811245,0.08000000000000002,0.04644808743169399,0.3591549295774648,0.08225806451612903,0.0425416302806009
mlp,development_oof,pain_behind_eyes,0.10793172690763052,0.05,0.10396164521826899,0.958139534883721,0.18757113589801958,0.10941450918248567
mlp,development_oof,swollen_glands,0.03288152610441767,0.08000000000000002,0.03599221789883268,0.8473282442748091,0.06905132192846034,0.034005846159554015
mlp,development_oof,rashes,0.06475903614457831,0.05,0.07732732732732733,0.7984496124031008,0.14099931553730322,0.07319574038982293
mlp,development_oof,sinus_headache,0.0303714859437751,0.05,0.03305785123966942,0.1322314049586777,0.05289256198347107,0.04649217016708929
mlp,development_oof,facial_pain,0.035140562248995984,0.08000000000000002,0.04513064133016627,0.40714285714285714,0.08125445473984319,0.039985786700054815
mlp,development_oof,shortness_of_breath,0.03263052208835342,0.07,0.0416367552045944,0.4461538461538462,0.07616546290216678,0.034570178112964686
mlp,development_oof,reduced_smell_and_taste,0.03413654618473896,0.07,0.04442771084337349,0.4338235294117647,0.08060109289617487,0.0490854522457647
mlp,development_oof,skin_irritation,0.0321285140562249,0.08000000000000002,0.035963499731615674,0.5234375,0.06730286288297338,0.03246622630734275
mlp,development_oof,itchiness,0.028363453815261043,0.26000000000000006,0.03302911777488049,0.672566371681416,0.06296603148301574,0.02930806438428618
mlp,development_oof,throbbing_headache,0.038654618473895584,0.07,0.04130747126436782,0.7467532467532467,0.07828454731109598,0.03970889006491605
mlp,development_oof,confusion,0.06626506024096386,0.11000000000000001,0.07753335737468446,0.8143939393939394,0.1415870925255186,0.07517298443290574
mlp,development_oof,back_pain,0.035140562248995984,0.07,0.03884711779448621,0.22142857142857142,0.06609808102345416,0.03609049836046806
mlp,development_oof,knee_ache,0.03890562248995984,0.05,0.04104803493449782,0.3032258064516129,0.07230769230769231,0.04021539800365058
mlp,locked_test,nausea,0.15646940822467403,0.060000000000000005,0.16205533596837945,0.7884615384615384,0.26885245901639343,0.15890069192029113
mlp,locked_test,joint_pain,0.0641925777331996,0.12000000000000001,0.06534954407294832,0.671875,0.11911357340720222,0.08177829637757639
mlp,locked_test,abdominal_pain,0.041123370110330994,0.05,0.03977272727272727,0.17073170731707318,0.06451612903225806,0.04178228044635824
mlp,locked_test,high_fever,0.09829488465396188,0.07,0.09961685823754789,0.7959183673469388,0.17707150964812712,0.10339403432851071
mlp,locked_test,chills,0.06720160481444333,0.05,0.06811145510835913,0.6567164179104478,0.12342215988779803,0.07412952044210172
mlp,locked_test,fatigue,0.1123370110330993,0.060000000000000005,0.12303290414878398,0.7678571428571429,0.2120838471023428,0.1236767165999105
mlp,locked_test,runny_nose,0.09628886659979939,0.05,0.10928319623971798,0.96875,0.19640971488912354,0.10061226288230954
mlp,locked_test,dizziness,0.12637913741223672,0.07,0.13706793802145412,0.9126984126984127,0.23834196891191708,0.12815959279884884
mlp,locked_test,headache,0.22768304914744233,0.05,0.22768304914744233,1.0,0.3709150326797386,0.25363730874699075
mlp,locked_test,chest_pain,0.16850551654964896,0.07,0.18253968253968253,0.9583333333333334,0.30666666666666664,0.20293346630906883
mlp,locked_test,vomiting,0.20160481444332998,0.05,0.20160481444332998,1.0,0.335559265442404,0.2305508045460573
mlp,locked_test,cough,0.06118355065195587,0.08000000000000002,0.0599250936329588,0.5245901639344263,0.10756302521008404,0.06124721384471492
mlp,locked_test,asthma,0.04914744232698094,0.18000000000000005,0.06806282722513089,0.2653061224489796,0.10833333333333334,0.050103316641768994
mlp,locked_test,severe_headache,0.09729187562688064,0.08000000000000002,0.1037394451145959,0.8865979381443299,0.1857451403887689,0.08610406370380078
mlp,locked_test,weakness,0.04012036108324975,0.1,0.04054054054054054,0.45,0.0743801652892562,0.037658903553224356
mlp,locked_test,trouble_seeing,0.028084252758274825,0.13,0.022429906542056073,0.42857142857142855,0.04262877442273535,0.022387419907446394
mlp,locked_test,fever,0.033099297893681046,0.17000000000000004,0.04794520547945205,0.21212121212121213,0.0782122905027933,0.07956316820829515
mlp,locked_test,body_aches,0.03510531594784353,0.15000000000000002,0.014492753623188406,0.02857142857142857,0.019230769230769232,0.03097192725523245
mlp,locked_test,sore_throat,0.06318956870611836,0.05,0.07465277777777778,0.6825396825396826,0.13458528951486698,0.06240396803474023
mlp,locked_test,sneezing,0.0320962888665998,0.05,0.033256880733944956,0.90625,0.06415929203539823,0.03949314823930214
mlp,locked_test,diarrhea,0.04212637913741224,0.07,0.04451510333863275,0.6666666666666666,0.08345752608047691,0.0473604617462723
mlp,locked_test,rapid_breathing,0.00802407221664995,0.060000000000000005,0.012345679012345678,0.375,0.02390438247011952,0.008982704326676789
mlp,locked_test,rapid_heart_rate,0.03610832497492478,0.08000000000000002,0.03741496598639456,0.3055555555555556,0.06666666666666667,0.03952456207282361
mlp,locked_test,pain_behind_eyes,0.10030090270812438,0.05,0.10030090270812438,1.0,0.18231540565177756,0.1319327578528262
mlp,locked_test,swollen_glands,0.04312938816449348,0.08000000000000002,0.04744525547445255,0.9069767441860465,0.09017341040462427,0.09045354181842949
mlp,locked_test,rashes,0.05917753259779338,0.05,0.06125356125356125,0.7288135593220338,0.11300919842312747,0.06603132182274342
mlp,locked_test,sinus_headache,0.034102306920762285,0.05,0.02564102564102564,0.08823529411764706,0.039735099337748346,0.04130939360079831
mlp,locked_test,facial_pain,0.034102306920762285,0.08000000000000002,0.02127659574468085,0.20588235294117646,0.03856749311294766,0.03220947524980213
mlp,locked_test,shortness_of_breath,0.031093279839518557,0.07,0.02997275204359673,0.3548387096774194,0.05527638190954774,0.039043617753509674
mlp,locked_test,reduced_smell_and_taste,0.03009027081243731,0.07,0.01729106628242075,0.2,0.03183023872679045,0.03271207275352767
mlp,locked_test,skin_irritation,0.0320962888665998,0.08000000000000002,0.026804123711340205,0.40625,0.05029013539651837,0.03725379991731115
mlp,locked_test,itchiness,0.03510531594784353,0.26000000000000006,0.03015075376884422,0.5142857142857142,0.056962025316455694,0.05020465541115868
mlp,locked_test,throbbing_headache,0.031093279839518557,0.07,0.02244039270687237,0.5161290322580645,0.043010752688172046,0.02902700381476162
mlp,locked_test,confusion,0.07021063189568706,0.11000000000000001,0.07777777777777778,0.8,0.14177215189873418,0.08416230076012057
mlp,locked_test,back_pain,0.037111334002006016,0.07,0.055299539170506916,0.32432432432432434,0.09448818897637795,0.10216252212708515
mlp,locked_test,knee_ache,0.03610832497492478,0.05,0.039473684210526314,0.3333333333333333,0.07058823529411765,0.08321174212798808
xgb,development_oof,nausea,0.15210843373493976,0.12000000000000001,0.20295489891135304,0.8613861386138614,0.328508495909377,0.20798150782853012
xgb,development_oof,joint_pain,0.0665160642570281,0.05,0.08852459016393442,0.7132075471698113,0.1575,0.08114772456244135
xgb,development_oof,abdominal_pain,0.039909638554216864,0.060000000000000005,0.03419972640218878,0.15723270440251572,0.056179775280898875,0.03758391766964589
xgb,development_oof,high_fever,0.10366465863453815,0.13,0.15208156329651656,0.43341404358353514,0.22515723270440252,0.15241016225426685
xgb,development_oof,chills,0.0625,0.08000000000000002,0.0947467166979362,0.40562248995983935,0.15361216730038021,0.08748150859692225
xgb,development_oof,fatigue,0.12474899598393574,0.11000000000000001,0.17770204479065238,0.7344064386317908,0.2861622892983144,0.1820622252054181
xgb,development_oof,runny_nose,0.0981425702811245,0.1,0.14808153477218225,0.6317135549872123,0.23992229237493928,0.13824537108894192
xgb,development_oof,dizziness,0.1307730923694779,0.1,0.1733758469509765,0.8349328214971209,0.2871287128712871,0.17249152022993203
xgb,development_oof,headache,0.24397590361445784,0.13,0.25891829689298046,0.9259259259259259,0.40467625899280574,0.36866864708942776
xgb,development_oof,chest_pain,0.16842369477911648,0.26000000000000006,0.4146039603960396,0.4992548435171386,0.4530087897227857,0.41220882835062633
xgb,development_oof,vomiting,0.2090863453815261,0.15000000000000002,0.23988318731748018,0.6902761104441777,0.3560371517027864,0.3372067574633353
xgb,development_oof,cough,0.060240963855421686,0.05,0.07813319349764027,0.6208333333333333,0.13879832324173266,0.07539186600896206
xgb,development_oof,asthma,0.06701807228915663,0.17000000000000004,0.2540983606557377,0.34831460674157305,0.2938388625592417,0.27697023462662357
xgb,development_oof,severe_headache,0.09362449799196787,0.07,0.11604234527687296,0.7640750670241286,0.2014846235418876,0.10976114794221396
xgb,development_oof,weakness,0.03589357429718876,0.060000000000000005,0.03873239436619718,0.15384615384615385,0.06188466947960619,0.0380393721668313
xgb,development_oof,trouble_seeing,0.04066265060240964,0.060000000000000005,0.05397727272727273,0.2345679012345679,0.08775981524249422,0.05176088526471915
xgb,development_oof,fever,0.03137550200803213,0.05,0.04281345565749235,0.224,0.07188703465982028,0.03785659853644374
xgb,development_oof,body_aches,0.0338855421686747,0.060000000000000005,0.04417670682730924,0.16296296296296298,0.06951026856240126,0.041039290417465124
xgb,development_oof,sore_throat,0.06475903614457831,0.060000000000000005,0.08856971873129862,0.5736434108527132,0.1534473820632452,0.0901925969810887
xgb,development_oof,sneezing,0.036646586345381524,0.05,0.044524669073405534,0.2534246575342466,0.07574206755373593,0.04514454804211818
xgb,development_oof,diarrhea,0.039909638554216864,0.07,0.06365159128978225,0.2389937106918239,0.10052910052910052,0.0546532199137382
xgb,development_oof,rapid_breathing,0.0077811244979919675,0.1,0.09523809523809523,0.06451612903225806,0.07692307692307693,0.021474331387512355
xgb,development_oof,rapid_heart_rate,0.0356425702811245,0.060000000000000005,0.05103969754253308,0.19014084507042253,0.08047690014903129,0.043241094802008176
xgb,development_oof,pain_behind_eyes,0.10793172690763052,0.08000000000000002,0.14799767846778875,0.5930232558139535,0.2368787738039944,0.24048325677502844
xgb,development_oof,swollen_glands,0.03288152610441767,0.060000000000000005,0.034,0.1297709923664122,0.05388272583201268,0.03422563023419072
xgb,development_oof,rashes,0.06475903614457831,0.060000000000000005,0.08,0.5503875968992248,0.1396950319724545,0.07974311556480768
xgb,development_oof,sinus_headache,0.0303714859437751,0.060000000000000005,0.03818615751789976,0.1322314049586777,0.05925925925925926,0.03325067634003687
xgb,development_oof,facial_pain,0.035140562248995984,0.08000000000000002,0.046242774566473986,0.11428571428571428,0.06584362139917696,0.036133883191932434
xgb,development_oof,shortness_of_breath,0.03263052208835342,0.05,0.034916201117318434,0.19230769230769232,0.0591016548463357,0.0374761845901215
xgb,development_oof,reduced_smell_and_taste,0.03413654618473896,0.060000000000000005,0.04275092936802974,0.16911764705882354,0.06824925816023739,0.03918513865345703
xgb,development_oof,skin_irritation,0.0321285140562249,0.08000000000000002,0.04263565891472868,0.0859375,0.05699481865284974,0.03366407391515546
xgb,development_oof,itchiness,0.028363453815261043,0.05,0.04051172707889126,0.168141592920354,0.06529209621993128,0.04058559906688331
xgb,development_oof,throbbing_headache,0.038654618473895584,0.05,0.04925053533190578,0.2987012987012987,0.08455882352941177,0.06512299168831623
xgb,development_oof,confusion,0.06626506024096386,0.060000000000000005,0.0873015873015873,0.625,0.1532033426183844,0.08894528765566063
xgb,development_oof,back_pain,0.035140562248995984,0.060000000000000005,0.04380952380952381,0.16428571428571428,0.06917293233082707,0.039529310777621174
xgb,development_oof,knee_ache,0.03890562248995984,0.05,0.04559585492227979,0.2838709677419355,0.07857142857142857,0.04692366429142116
xgb,locked_test,nausea,0.15646940822467403,0.12000000000000001,0.18507462686567164,0.7948717948717948,0.30024213075060535,0.20063037705478784
xgb,locked_test,joint_pain,0.0641925777331996,0.05,0.07980456026058631,0.765625,0.14454277286135694,0.07963916478351063
xgb,locked_test,abdominal_pain,0.041123370110330994,0.060000000000000005,0.07894736842105263,0.2926829268292683,0.12435233160621761,0.057720095192201566
xgb,locked_test,high_fever,0.09829488465396188,0.13,0.13541666666666666,0.3979591836734694,0.20207253886010362,0.1451432734382329
xgb,locked_test,chills,0.06720160481444333,0.08000000000000002,0.10080645161290322,0.373134328358209,0.15873015873015872,0.09569411368662308
xgb,locked_test,fatigue,0.1123370110330993,0.11000000000000001,0.14652014652014653,0.7142857142857143,0.24316109422492402,0.16326990127303276
xgb,locked_test,runny_nose,0.09628886659979939,0.1,0.16105769230769232,0.6979166666666666,0.26171875,0.16483096114434237
xgb,locked_test,dizziness,0.12637913741223672,0.1,0.15036496350364964,0.8174603174603174,0.25400739827373614,0.16708388952361616
xgb,locked_test,headache,0.22768304914744233,0.13,0.23804226918798665,0.9427312775330396,0.38010657193605685,0.26557825063868173
xgb,locked_test,chest_pain,0.16850551654964896,0.26000000000000006,0.32727272727272727,0.32142857142857145,0.32432432432432434,0.3268739318238944
xgb,locked_test,vomiting,0.20160481444332998,0.15000000000000002,0.19803600654664485,0.6019900497512438,0.29802955665024633,0.2214899784794102
xgb,locked_test,cough,0.06118355065195587,0.05,0.07421150278293136,0.6557377049180327,0.13333333333333333,0.11944062157354056
xgb,locked_test,asthma,0.04914744232698094,0.17000000000000004,0.09523809523809523,0.12244897959183673,0.10714285714285714,0.11864888104049241
xgb,locked_test,severe_headache,0.09729187562688064,0.07,0.12425149700598802,0.8556701030927835,0.2169934640522876,0.14381302468413645
xgb,locked_test,weakness,0.04012036108324975,0.060000000000000005,0.02631578947368421,0.1,0.041666666666666664,0.0483984586842206
xgb,locked_test,trouble_seeing,0.028084252758274825,0.060000000000000005,0.041666666666666664,0.2857142857142857,0.07272727272727272,0.03255204692861162
xgb,locked_test,fever,0.033099297893681046,0.05,0.07006369426751592,0.3333333333333333,0.11578947368421053,0.07934431760729421
xgb,locked_test,body_aches,0.03510531594784353,0.060000000000000005,0.04895104895104895,0.2,0.07865168539325842,0.042150166728957696
xgb,locked_test,sore_throat,0.06318956870611836,0.060000000000000005,0.09913793103448276,0.7301587301587301,0.174573055028463,0.1259813611186556
xgb,locked_test,sneezing,0.0320962888665998,0.05,0.03255813953488372,0.21875,0.05668016194331984,0.035718873069364415
xgb,locked_test,diarrhea,0.04212637913741224,0.07,0.041379310344827586,0.14285714285714285,0.06417112299465241,0.04319956162944223
xgb,locked_test,rapid_breathing,0.00802407221664995,0.1,0.0,0.0,0.0,0.01367226052061651
xgb,locked_test,rapid_heart_rate,0.03610832497492478,0.060000000000000005,0.046052631578947366,0.19444444444444445,0.07446808510638298,0.048088070032636945
xgb,locked_test,pain_behind_eyes,0.10030090270812438,0.08000000000000002,0.09598214285714286,0.43,0.15693430656934307,0.1401694744447352
xgb,locked_test,swollen_glands,0.04312938816449348,0.060000000000000005,0.041666666666666664,0.13953488372093023,0.06417112299465241,0.06759230962456012
xgb,locked_test,rashes,0.05917753259779338,0.060000000000000005,0.06378600823045268,0.5254237288135594,0.11376146788990826,0.08217148538839718
xgb,locked_test,sinus_headache,0.034102306920762285,0.060000000000000005,0.030927835051546393,0.08823529411764706,0.04580152671755725,0.03738597550307149
xgb,locked_test,facial_pain,0.034102306920762285,0.08000000000000002,0.0,0.0,0.0,0.03421597053493481
xgb,locked_test,shortness_of_breath,0.031093279839518557,0.05,0.050505050505050504,0.3225806451612903,0.08733624454148471,0.043167045359867304
xgb,locked_test,reduced_smell_and_taste,0.03009027081243731,0.060000000000000005,0.028169014084507043,0.13333333333333333,0.046511627906976744,0.033546430505395256
xgb,locked_test,skin_irritation,0.0320962888665998,0.08000000000000002,0.04081632653061224,0.0625,0.04938271604938271,0.06998127474036257
xgb,locked_test,itchiness,0.03510531594784353,0.05,0.02631578947368421,0.08571428571428572,0.040268456375838924,0.03710409927827179
xgb,locked_test,throbbing_headache,0.031093279839518557,0.05,0.026415094339622643,0.22580645161290322,0.0472972972972973,0.03111870270292756
xgb,locked_test,confusion,0.07021063189568706,0.060000000000000005,0.08527131782945736,0.6285714285714286,0.15017064846416384,0.11288956709844342
xgb,locked_test,back_pain,0.037111334002006016,0.060000000000000005,0.034482758620689655,0.13513513513513514,0.054945054945054944,0.04043823893361765
xgb,locked_test,knee_ache,0.03610832497492478,0.05,0.04391891891891892,0.3611111111111111,0.0783132530120482,0.047199280489359036
xgb_raw_weather,development_oof,nausea,0.15210843373493976,0.13,0.20196640721015977,0.8135313531353136,0.32359698063669184,0.21333196802769347
xgb_raw_weather,development_oof,joint_pain,0.0665160642570281,0.05,0.08689655172413793,0.7132075471698113,0.15491803278688523,0.08769876496102384
xgb_raw_weather,development_oof,abdominal_pain,0.039909638554216864,0.05,0.03784295175023652,0.25157232704402516,0.06578947368421052,0.03914255466429929
xgb_raw_weather,development_oof,high_fever,0.10366465863453815,0.13,0.15391014975041598,0.44794188861985473,0.22910216718266255,0.1486226576663784
xgb_raw_weather,development_oof,chills,0.0625,0.07,0.08823529411764706,0.4578313253012048,0.14795587280986372,0.08463314176897545
xgb_raw_weather,development_oof,fatigue,0.12474899598393574,0.14,0.19276315789473683,0.5895372233400402,0.29053049082796234,0.18568518396286982
xgb_raw_weather,development_oof,runny_nose,0.0981425702811245,0.1,0.15035377358490565,0.6521739130434783,0.24436990896023,0.1370845190978731
xgb_raw_weather,development_oof,dizziness,0.1307730923694779,0.11000000000000001,0.17302798982188294,0.783109404990403,0.28343174713442165,0.1761328954260498
xgb_raw_weather,development_oof,headache,0.24397590361445784,0.13,0.25664968873797395,0.9331275720164609,0.40257434531735464,0.33931849988266105
xgb_raw_weather,development_oof,chest_pain,0.16842369477911648,0.27,0.4073587385019711,0.46199701937406856,0.4329608938547486,0.3944055266135263
xgb_raw_weather,development_oof,vomiting,0.2090863453815261,0.12000000000000001,0.22267587939698494,0.851140456182473,0.35299975105800346,0.3065403473903281
xgb_raw_weather,development_oof,cough,0.060240963855421686,0.060000000000000005,0.08104738154613467,0.5416666666666666,0.14099783080260303,0.07861657832081213
xgb_raw_weather,development_oof,asthma,0.06701807228915663,0.17000000000000004,0.2671957671957672,0.3782771535580524,0.31317829457364343,0.2811277897247273
xgb_raw_weather,development_oof,severe_headache,0.09362449799196787,0.07,0.11755297880847661,0.7882037533512064,0.2045929018789144,0.114725369552086
xgb_raw_weather,development_oof,weakness,0.03589357429718876,0.05,0.0364963503649635,0.2097902097902098,0.06217616580310881,0.03732002804045775
xgb_raw_weather,development_oof,trouble_seeing,0.04066265060240964,0.05,0.05186721991701245,0.30864197530864196,0.08880994671403197,0.05377567444704577
xgb_raw_weather,development_oof,fever,0.03137550200803213,0.09000000000000001,0.05660377358490566,0.096,0.0712166172106825,0.03755262829563845
xgb_raw_weather,development_oof,body_aches,0.0338855421686747,0.060000000000000005,0.03770197486535009,0.15555555555555556,0.06069364161849711,0.037006774317845055
xgb_raw_weather,development_oof,sore_throat,0.06475903614457831,0.08000000000000002,0.09787928221859707,0.46511627906976744,0.16172506738544473,0.09254053583567567
xgb_raw_weather,development_oof,sneezing,0.036646586345381524,0.05,0.04482758620689655,0.2671232876712329,0.07677165354330709,0.043604796768594675
xgb_raw_weather,development_oof,diarrhea,0.039909638554216864,0.07,0.05486725663716814,0.1949685534591195,0.0856353591160221,0.04730435645350568
xgb_raw_weather,development_oof,rapid_breathing,0.0077811244979919675,0.08000000000000002,0.06666666666666667,0.06451612903225806,0.06557377049180328,0.026442712843600124
xgb_raw_weather,development_oof,rapid_heart_rate,0.0356425702811245,0.07,0.055710306406685235,0.14084507042253522,0.07984031936127745,0.044794118338095795
xgb_raw_weather,development_oof,pain_behind_eyes,0.10793172690763052,0.09000000000000001,0.15498392282958198,0.5604651162790698,0.24282115869017631,0.23672292182292864
xgb_raw_weather,development_oof,swollen_glands,0.03288152610441767,0.05,0.042584434654919234,0.22137404580152673,0.07142857142857142,0.035336685097778445
xgb_raw_weather,development_oof,rashes,0.06475903614457831,0.07,0.08620689655172414,0.4844961240310077,0.14637002341920374,0.07959633952114363
xgb_raw_weather,development_oof,sinus_headache,0.0303714859437751,0.07,0.043478260869565216,0.10743801652892562,0.06190476190476191,0.033964029259584146
xgb_raw_weather,development_oof,facial_pain,0.035140562248995984,0.05,0.036322360953461974,0.22857142857142856,0.06268364348677767,0.036192518768038605
xgb_raw_weather,development_oof,shortness_of_breath,0.03263052208835342,0.05,0.03773584905660377,0.2153846153846154,0.06422018348623854,0.03607107151570055
xgb_raw_weather,development_oof,reduced_smell_and_taste,0.03413654618473896,0.05,0.03938115330520394,0.20588235294117646,0.06611570247933884,0.04061478629459871
xgb_raw_weather,development_oof,skin_irritation,0.0321285140562249,0.08000000000000002,0.04081632653061224,0.078125,0.05361930294906166,0.031731339681486025
xgb_raw_weather,development_oof,itchiness,0.028363453815261043,0.07,0.06363636363636363,0.12389380530973451,0.08408408408408409,0.05026217000695223
xgb_raw_weather,development_oof,throbbing_headache,0.038654618473895584,0.07,0.06652360515021459,0.2012987012987013,0.1,0.058056891298785315
xgb_raw_weather,development_oof,confusion,0.06626506024096386,0.08000000000000002,0.10033726812816189,0.45075757575757575,0.16413793103448276,0.0977169724100075
xgb_raw_weather,development_oof,back_pain,0.035140562248995984,0.05,0.0416156670746634,0.24285714285714285,0.07105538140020899,0.0388869276490163
xgb_raw_weather,development_oof,knee_ache,0.03890562248995984,0.060000000000000005,0.05057803468208093,0.22580645161290322,0.08264462809917356,0.04507345516695287
xgb_raw_weather,locked_test,nausea,0.15646940822467403,0.13,0.19538461538461538,0.8141025641025641,0.315136476426799,0.20812090045148912
xgb_raw_weather,locked_test,joint_pain,0.0641925777331996,0.05,0.0829103214890017,0.765625,0.14961832061068703,0.0851491144053703
xgb_raw_weather,locked_test,abdominal_pain,0.041123370110330994,0.05,0.05555555555555555,0.36585365853658536,0.09646302250803858,0.059212170724828504
xgb_raw_weather,locked_test,high_fever,0.09829488465396188,0.13,0.13636363636363635,0.42857142857142855,0.20689655172413793,0.13380588100005214
xgb_raw_weather,locked_test,chills,0.06720160481444333,0.07,0.09063444108761329,0.44776119402985076,0.1507537688442211,0.09524613500655377
xgb_raw_weather,locked_test,fatigue,0.1123370110330993,0.14,0.15529411764705883,0.5892857142857143,0.24581005586592178,0.16640995938836006
xgb_raw_weather,locked_test,runny_nose,0.09628886659979939,0.1,0.16666666666666666,0.7395833333333334,0.2720306513409962,0.16031163322975853
xgb_raw_weather,locked_test,dizziness,0.12637913741223672,0.11000000000000001,0.15326251896813353,0.8015873015873016,0.2573248407643312,0.15955780751962217
xgb_raw_weather,locked_test,headache,0.22768304914744233,0.13,0.2341842397336293,0.9295154185022027,0.374113475177305,0.2799896282964732
xgb_raw_weather,locked_test,chest_pain,0.16850551654964896,0.27,0.33098591549295775,0.27976190476190477,0.3032258064516129,0.3297649317574261
xgb_raw_weather,locked_test,vomiting,0.20160481444332998,0.12000000000000001,0.19397590361445782,0.8009950248756219,0.3123181377303589,0.22815892112912853
xgb_raw_weather,locked_test,cough,0.06118355065195587,0.060000000000000005,0.08425720620842572,0.6229508196721312,0.1484375,0.09993755724218054
xgb_raw_weather,locked_test,asthma,0.04914744232698094,0.17000000000000004,0.10714285714285714,0.12244897959183673,0.11428571428571428,0.1268325286137216
xgb_raw_weather,locked_test,severe_headache,0.09729187562688064,0.07,0.11970802919708029,0.845360824742268,0.20971867007672634,0.16787888805889709
xgb_raw_weather,locked_test,weakness,0.04012036108324975,0.05,0.024630541871921183,0.125,0.0411522633744856,0.0464969177399881
xgb_raw_weather,locked_test,trouble_seeing,0.028084252758274825,0.05,0.038314176245210725,0.35714285714285715,0.06920415224913495,0.030760369788404955
xgb_raw_weather,locked_test,fever,0.033099297893681046,0.09000000000000001,0.0625,0.09090909090909091,0.07407407407407407,0.06279797097171176
xgb_raw_weather,locked_test,body_aches,0.03510531594784353,0.060000000000000005,0.04819277108433735,0.22857142857142856,0.07960199004975124,0.04585108213815316
xgb_raw_weather,locked_test,sore_throat,0.06318956870611836,0.08000000000000002,0.10294117647058823,0.5555555555555556,0.17369727047146402,0.10623763750334583
xgb_raw_weather,locked_test,sneezing,0.0320962888665998,0.05,0.03879310344827586,0.28125,0.06818181818181818,0.037932865254323496
xgb_raw_weather,locked_test,diarrhea,0.04212637913741224,0.07,0.025423728813559324,0.07142857142857142,0.0375,0.0418259569236489
xgb_raw_weather,locked_test,rapid_breathing,0.00802407221664995,0.08000000000000002,0.0,0.0,0.0,0.0156766642664683
xgb_raw_weather,locked_test,rapid_heart_rate,0.03610832497492478,0.07,0.036036036036036036,0.1111111111111111,0.05442176870748299,0.043667882608304065
xgb_raw_weather,locked_test,pain_behind_eyes,0.10030090270812438,0.09000000000000001,0.1065989847715736,0.42,0.1700404858299595,0.13795034821715535
xgb_raw_weather,locked_test,swollen_glands,0.04312938816449348,0.05,0.04519774011299435,0.18604651162790697,0.07272727272727272,0.08001907793745032
xgb_raw_weather,locked_test,rashes,0.05917753259779338,0.07,0.08287292817679558,0.5084745762711864,0.14251781472684086,0.08445694200319831
xgb_raw_weather,locked_test,sinus_headache,0.034102306920762285,0.07,0.046875,0.08823529411764706,0.061224489795918366,0.03862745025988906
xgb_raw_weather,locked_test,facial_pain,0.034102306920762285,0.05,0.013043478260869565,0.08823529411764706,0.022727272727272728,0.0332828557512837
xgb_raw_weather,locked_test,shortness_of_breath,0.031093279839518557,0.05,0.046948356807511735,0.3225806451612903,0.08196721311475409,0.046321282701259
xgb_raw_weather,locked_test,reduced_smell_and_taste,0.03009027081243731,0.05,0.02577319587628866,0.16666666666666666,0.044642857142857144,0.0336157034320891
xgb_raw_weather,locked_test,skin_irritation,0.0320962888665998,0.08000000000000002,0.02127659574468085,0.03125,0.02531645569620253,0.05442570893686287
xgb_raw_weather,locked_test,itchiness,0.03510531594784353,0.07,0.022222222222222223,0.02857142857142857,0.025,0.06581348072844487
xgb_raw_weather,locked_test,throbbing_headache,0.031093279839518557,0.07,0.028846153846153848,0.0967741935483871,0.044444444444444446,0.03346314787989502
xgb_raw_weather,locked_test,confusion,0.07021063189568706,0.08000000000000002,0.10855263157894737,0.4714285714285714,0.17647058823529413,0.11603915682014815
xgb_raw_weather,locked_test,back_pain,0.037111334002006016,0.05,0.05106382978723404,0.32432432432432434,0.08823529411764706,0.04868447874583182
xgb_raw_weather,locked_test,knee_ache,0.03610832497492478,0.060000000000000005,0.04433497536945813,0.25,0.07531380753138076,0.0463654790199084
xgb_pre_event_context,development_oof,nausea,0.15210843373493976,0.15000000000000002,0.2364620938628159,0.8646864686468647,0.371367824238129,0.2362159174817043
xgb_pre_event_context,development_oof,joint_pain,0.0665160642570281,0.060000000000000005,0.0994332818134982,0.7283018867924528,0.17497733454215775,0.09140699348418607
xgb_pre_event_context,development_oof,abdominal_pain,0.039909638554216864,0.05,0.05579773321708806,0.4025157232704403,0.09800918836140889,0.05785999989413894
xgb_pre_event_context,development_oof,high_fever,0.10366465863453815,0.07,0.1504424778761062,0.9055690072639225,0.2580200068989307,0.16982716332431405
xgb_pre_event_context,development_oof,chills,0.0625,0.060000000000000005,0.09061313076505698,0.6706827309236948,0.15965583173996176,0.09229401624921343
xgb_pre_event_context,development_oof,fatigue,0.12474899598393574,0.09000000000000001,0.18755118755118755,0.9215291750503019,0.3116706362708404,0.19774305179584883
xgb_pre_event_context,development_oof,runny_nose,0.0981425702811245,0.12000000000000001,0.16914191419141913,0.5242966751918159,0.2557704304429195,0.2363091400991473
xgb_pre_event_context,development_oof,dizziness,0.1307730923694779,0.11000000000000001,0.19712959054453355,0.8963531669865643,0.3231833910034602,0.2024628774540715
xgb_pre_event_context,development_oof,headache,0.24397590361445784,0.5200000000000001,0.9502982107355865,0.49176954732510286,0.648135593220339,0.7139718344822339
xgb_pre_event_context,development_oof,chest_pain,0.16842369477911648,0.4000000000000001,1.0,0.8256333830104322,0.9044897959183673,0.892326065380508
xgb_pre_event_context,development_oof,vomiting,0.2090863453815261,0.4700000000000001,0.9383429672447013,0.5846338535414166,0.7204142011834319,0.7051708504353537
xgb_pre_event_context,development_oof,cough,0.060240963855421686,0.05,0.08857574232511324,0.7333333333333333,0.15806017063313876,0.08586270730228004
xgb_pre_event_context,development_oof,asthma,0.06701807228915663,0.16000000000000003,0.5220264317180616,0.8876404494382022,0.6574202496532594,0.6163674636189044
xgb_pre_event_context,development_oof,severe_headache,0.09362449799196787,0.07,0.13896907216494844,0.903485254691689,0.24088634739099357,0.13328435117250187
xgb_pre_event_context,development_oof,weakness,0.03589357429718876,0.060000000000000005,0.05593451568894952,0.2867132867132867,0.09360730593607305,0.05097197202205035
xgb_pre_event_context,development_oof,trouble_seeing,0.04066265060240964,0.05,0.06642728904847396,0.4567901234567901,0.11598746081504702,0.07333233386812114
xgb_pre_event_context,development_oof,fever,0.03137550200803213,0.060000000000000005,0.041666666666666664,0.176,0.06738131699846861,0.04025245221899702
xgb_pre_event_context,development_oof,body_aches,0.0338855421686747,0.060000000000000005,0.050724637681159424,0.2074074074074074,0.08151382823871907,0.05051695238267197
xgb_pre_event_context,development_oof,sore_throat,0.06475903614457831,0.05,0.09790550414028251,0.7790697674418605,0.17395067070532236,0.1035120942438674
xgb_pre_event_context,development_oof,sneezing,0.036646586345381524,0.05,0.047715736040609136,0.3219178082191781,0.08311229000884174,0.05235984853914969
xgb_pre_event_context,development_oof,diarrhea,0.039909638554216864,0.05,0.06896551724137931,0.5031446540880503,0.12130401819560273,0.06716466294898828
xgb_pre_event_context,development_oof,rapid_breathing,0.0077811244979919675,0.25000000000000006,0.25,0.06451612903225806,0.10256410256410256,0.05559217955670351
xgb_pre_event_context,development_oof,rapid_heart_rate,0.0356425702811245,0.05,0.06101344364012409,0.4154929577464789,0.10640216411181244,0.05866129920802195
xgb_pre_event_context,development_oof,pain_behind_eyes,0.10793172690763052,0.2,0.5903083700440529,0.6232558139534884,0.6063348416289592,0.545148746226255
xgb_pre_event_context,development_oof,swollen_glands,0.03288152610441767,0.05,0.04041720990873533,0.2366412213740458,0.06904231625835189,0.04308674901127688
xgb_pre_event_context,development_oof,rashes,0.06475903614457831,0.05,0.09395348837209302,0.7829457364341085,0.16777408637873753,0.09199832973428045
xgb_pre_event_context,development_oof,sinus_headache,0.0303714859437751,0.13,0.2549019607843137,0.21487603305785125,0.23318385650224216,0.1023450847683646
xgb_pre_event_context,development_oof,facial_pain,0.035140562248995984,0.16000000000000003,0.44036697247706424,0.34285714285714286,0.3855421686746988,0.21559769063739137
xgb_pre_event_context,development_oof,shortness_of_breath,0.03263052208835342,0.05,0.0390625,0.23076923076923078,0.066815144766147,0.044723511732037396
xgb_pre_event_context,development_oof,reduced_smell_and_taste,0.03413654618473896,0.2,0.43,0.3161764705882353,0.3644067796610169,0.19262640760073385
xgb_pre_event_context,development_oof,skin_irritation,0.0321285140562249,0.07,0.058426966292134834,0.203125,0.09075043630017451,0.0524325086840246
xgb_pre_event_context,development_oof,itchiness,0.028363453815261043,0.1,0.06521739130434782,0.07964601769911504,0.07171314741035857,0.048061028388063975
xgb_pre_event_context,development_oof,throbbing_headache,0.038654618473895584,0.060000000000000005,0.06265984654731457,0.3181818181818182,0.1047008547008547,0.07611931574108778
xgb_pre_event_context,development_oof,confusion,0.06626506024096386,0.060000000000000005,0.10296333500753391,0.7765151515151515,0.18181818181818182,0.115186256543741
xgb_pre_event_context,development_oof,back_pain,0.035140562248995984,0.05,0.04308390022675737,0.2714285714285714,0.07436399217221135,0.04440721154694953
xgb_pre_event_context,development_oof,knee_ache,0.03890562248995984,0.05,0.051258992805755396,0.36774193548387096,0.08997632202052092,0.050317405501348014
xgb_pre_event_context,locked_test,nausea,0.15646940822467403,0.15000000000000002,0.22456140350877193,0.8205128205128205,0.3526170798898072,0.22729576966054893
xgb_pre_event_context,locked_test,joint_pain,0.0641925777331996,0.060000000000000005,0.09560229445506692,0.78125,0.17035775127768313,0.10342548250753097
xgb_pre_event_context,locked_test,abdominal_pain,0.041123370110330994,0.05,0.04472843450479233,0.34146341463414637,0.07909604519774012,0.062046883661309324
xgb_pre_event_context,locked_test,high_fever,0.09829488465396188,0.07,0.14086687306501547,0.9285714285714286,0.2446236559139785,0.15737229911117043
xgb_pre_event_context,locked_test,chills,0.06720160481444333,0.060000000000000005,0.09873949579831932,0.7014925373134329,0.1731123388581952,0.11474831075691497
xgb_pre_event_context,locked_test,fatigue,0.1123370110330993,0.09000000000000001,0.1616,0.9017857142857143,0.27408412483039346,0.1716937232972472
xgb_pre_event_context,locked_test,runny_nose,0.09628886659979939,0.12000000000000001,0.17419354838709677,0.5625,0.2660098522167488,0.249305537355211
xgb_pre_event_context,locked_test,dizziness,0.12637913741223672,0.11000000000000001,0.1794871794871795,0.8888888888888888,0.2986666666666667,0.18481298003959457
xgb_pre_event_context,locked_test,headache,0.22768304914744233,0.5200000000000001,0.9833333333333333,0.5198237885462555,0.6801152737752162,0.7539415360598024
xgb_pre_event_context,locked_test,chest_pain,0.16850551654964896,0.4000000000000001,1.0,0.8273809523809523,0.9055374592833876,0.8927893235672648
xgb_pre_event_context,locked_test,vomiting,0.20160481444332998,0.4700000000000001,0.9586776859504132,0.5771144278606966,0.7204968944099379,0.7415777637032299
xgb_pre_event_context,locked_test,cough,0.06118355065195587,0.05,0.09090909090909091,0.8360655737704918,0.1639871382636656,0.14043091375007571
xgb_pre_event_context,locked_test,asthma,0.04914744232698094,0.16000000000000003,0.37383177570093457,0.8163265306122449,0.5128205128205128,0.34214442712912313
xgb_pre_event_context,locked_test,severe_headache,0.09729187562688064,0.07,0.14108527131782947,0.9381443298969072,0.24528301886792453,0.1716206457519892
xgb_pre_event_context,locked_test,weakness,0.04012036108324975,0.060000000000000005,0.07272727272727272,0.3,0.11707317073170732,0.06219992089555876
xgb_pre_event_context,locked_test,trouble_seeing,0.028084252758274825,0.05,0.04318936877076412,0.4642857142857143,0.0790273556231003,0.0409443639732195
xgb_pre_event_context,locked_test,fever,0.033099297893681046,0.060000000000000005,0.06993006993006994,0.30303030303030304,0.11363636363636363,0.08495493447096648
xgb_pre_event_context,locked_test,body_aches,0.03510531594784353,0.060000000000000005,0.046357615894039736,0.2,0.07526881720430108,0.052470370477546144
xgb_pre_event_context,locked_test,sore_throat,0.06318956870611836,0.05,0.09430604982206406,0.8412698412698413,0.1696,0.11584927174193466
xgb_pre_event_context,locked_test,sneezing,0.0320962888665998,0.05,0.06666666666666667,0.46875,0.11673151750972763,0.06284994090433965
xgb_pre_event_context,locked_test,diarrhea,0.04212637913741224,0.05,0.060897435897435896,0.4523809523809524,0.10734463276836158,0.055796211819308036
xgb_pre_event_context,locked_test,rapid_breathing,0.00802407221664995,0.25000000000000006,0.0,0.0,0.0,0.05020270118439783
xgb_pre_event_context,locked_test,rapid_heart_rate,0.03610832497492478,0.05,0.06296296296296296,0.4722222222222222,0.1111111111111111,0.06051600167554219
xgb_pre_event_context,locked_test,pain_behind_eyes,0.10030090270812438,0.2,0.514018691588785,0.55,0.5314009661835749,0.43083809604095064
xgb_pre_event_context,locked_test,swollen_glands,0.04312938816449348,0.05,0.07692307692307693,0.3953488372093023,0.12878787878787878,0.0656845777955859
xgb_pre_event_context,locked_test,rashes,0.05917753259779338,0.05,0.08433734939759036,0.8305084745762712,0.153125,0.09200559077648936
xgb_pre_event_context,locked_test,sinus_headache,0.034102306920762285,0.13,0.45161290322580644,0.4117647058823529,0.4307692307692308,0.26916474151132613
xgb_pre_event_context,locked_test,facial_pain,0.034102306920762285,0.16000000000000003,0.41379310344827586,0.35294117647058826,0.38095238095238093,0.17606529350295566
xgb_pre_event_context,locked_test,shortness_of_breath,0.031093279839518557,0.05,0.038834951456310676,0.25806451612903225,0.06751054852320675,0.04576958992713745
xgb_pre_event_context,locked_test,reduced_smell_and_taste,0.03009027081243731,0.2,0.4444444444444444,0.4,0.42105263157894735,0.22120309993288814
xgb_pre_event_context,locked_test,skin_irritation,0.0320962888665998,0.07,0.10101010101010101,0.3125,0.15267175572519084,0.06799119619795531
xgb_pre_event_context,locked_test,itchiness,0.03510531594784353,0.1,0.030303030303030304,0.02857142857142857,0.029411764705882353,0.04963998893892002
xgb_pre_event_context,locked_test,throbbing_headache,0.031093279839518557,0.060000000000000005,0.05699481865284974,0.3548387096774194,0.09821428571428571,0.04524661134317475
xgb_pre_event_context,locked_test,confusion,0.07021063189568706,0.060000000000000005,0.09695817490494296,0.7285714285714285,0.17114093959731544,0.11720326000507447
xgb_pre_event_context,locked_test,back_pain,0.037111334002006016,0.05,0.07203389830508475,0.4594594594594595,0.12454212454212454,0.0950534005586135
xgb_pre_event_context,locked_test,knee_ache,0.03610832497492478,0.05,0.05782312925170068,0.4722222222222222,0.10303030303030303,0.06628803974965988
