scenario,endpoint,runs,accuracy_mean,accuracy_min,accuracy_max,f1_macro_mean,concept_f1_macro_mean,direct_minus_cascade_accuracy
concept_noise,cascade_logistic,15,0.32233796296296297,0.2899305555555556,0.359375,0.26098508999141107,0.5846443190254114,-0.0034722222222222654
concept_noise,class_prior,15,0.29085648148148147,0.2795138888888889,0.3090277777777778,0.11262825489821084,,-0.0034722222222222654
concept_noise,direct_logistic,15,0.3188657407407407,0.2916666666666667,0.3611111111111111,0.27085273269994115,,-0.0034722222222222654
fully_mediated,cascade_logistic,15,0.366087962962963,0.3177083333333333,0.4131944444444444,0.3188531759352795,0.6619050430683328,-0.005902777777777812
fully_mediated,class_prior,15,0.29085648148148147,0.2795138888888889,0.3090277777777778,0.11262825489821084,,-0.005902777777777812
fully_mediated,direct_logistic,15,0.36018518518518516,0.3229166666666667,0.4184027777777778,0.32074492930016846,,-0.005902777777777812
residual_signal,cascade_logistic,15,0.3459490740740741,0.2951388888888889,0.3923611111111111,0.29702609400184277,0.663495565604902,0.1965277777777778
residual_signal,class_prior,15,0.2947916666666667,0.2777777777777778,0.3090277777777778,0.11380676008653463,,0.1965277777777778
residual_signal,direct_logistic,15,0.5424768518518519,0.5225694444444444,0.5798611111111112,0.5129088399354319,,0.1965277777777778
